LocationID,State,City,created_at
1,Wisconsin,North Kurt,
2,Nevada,Emmerichville,
3,Nebraska,North Herminioboro,
4,Wyoming,North Cheyanne,
5,South Dakota,Vonville,
6,Illinois,Lake Paulaberg,
7,Wyoming,Colton,
8,Connecticut,Lake Rosannaborough,
9,Tennessee,East Neldaborough,
10,Florida,North Dagmarton,
11,Texas,Jamalfort,
12,Minnesota,New Jude,
13,Minnesota,East Haleigh,
14,Nebraska,Montebello,
15,Alabama,East Isabell,
16,Oklahoma,North Calista,
17,Rhode Island,Dickinsonberg,
18,New York,Jalenbury,
19,South Dakota,East Dixieville,
20,Illinois,North Dariofield,
21,New Hampshire,Kemmerton,
22,Georgia,North Garnetport,
23,South Dakota,Fort Cade,
24,Louisiana,Pansyburgh,
25,Massachusetts,Dunwoody,
26,Florida,Port Hermanhaven,
27,Ohio,Georgetown,
28,Ohio,Lake Vivafort,
29,Minnesota,Murrayfort,
30,Idaho,Beerhaven,
